house_type,state_name,mp_name,constituency_name,allocated_amount,dataset_source
,ANDHRA PRADESH,MP 001 ANDHRA P,AMARAVATI,106731215.81,Allocated_Limit
,TELANGANA,MP 002 TELANGAN,BHONGIR,33001290.63,Allocated_Limit
,MAHARASHTRA,MP 003 MAHARASH,AURANGABAD,63003518.2,Allocated_Limit
,TAMIL NADU,MP 004 TAMIL NA,CHENNAI SOUTH,56785288.58,Allocated_Limit
,KARNATAKA,MP 005 KARNATAK,BELGAUM,118376545.7,Allocated_Limit
,UTTAR PRADESH,MP 006 UTTAR PR,AZAMGARH,111203938.49,Allocated_Limit
,BIHAR,MP 007 BIHAR,BUXAR,137061548.12,Allocated_Limit
,RAJASTHAN,MP 008 RAJASTHA,CHITTORGARH,40432659.92,Allocated_Limit
,MADHYA PRADESH,MP 009 MADHYA P,GUNA,80630618.36,Allocated_Limit
,GUJARAT,MP 010 GUJARAT,JAMNAGAR,33575666.33,Allocated_Limit
,WEST BENGAL,MP 011 WEST BEN,COOCH BEHAR,56236556.98,Allocated_Limit
,KERALA,MP 012 KERALA,MAVELIKKARA,90642634.57,Allocated_Limit
,PUNJAB,MP 013 PUNJAB,PATIALA,33184316.36,Allocated_Limit
,HARYANA,MP 014 HARYANA,GURGAON,53860518.08,Allocated_Limit
,ODISHA,MP 015 ODISHA,KENDRAPARA,107986132.53,Allocated_Limit
,ASSAM,MP 016 ASSAM,BARPETA,95392977.67,Allocated_Limit
,ANDHRA PRADESH,MP 017 ANDHRA P,RAJAHMUNDRY,56452874.64,Allocated_Limit
,TELANGANA,MP 018 TELANGAN,ADILABAD,100711882.07,Allocated_Limit
,MAHARASHTRA,MP 019 MAHARASH,NANDED,127131654.8,Allocated_Limit
,TAMIL NADU,MP 020 TAMIL NA,RAMANATHAPURAM,30779851.16,Allocated_Limit
,KARNATAKA,MP 021 KARNATAK,MYSORE,126698310.22,Allocated_Limit
,UTTAR PRADESH,MP 022 UTTAR PR,FARRUKHABAD,113776727.4,Allocated_Limit
,BIHAR,MP 023 BIHAR,NAWADA,70830061.98,Allocated_Limit
,RAJASTHAN,MP 024 RAJASTHA,RAJSAMAND,48657539.98,Allocated_Limit
,MADHYA PRADESH,MP 025 MADHYA P,SATNA,144865568.66,Allocated_Limit
,GUJARAT,MP 026 GUJARAT,ANAND,70391345.41,Allocated_Limit
,WEST BENGAL,MP 027 WEST BEN,MALDAHA UTTAR,41129501.21,Allocated_Limit
,KERALA,MP 028 KERALA,KASARAGOD,41605965.22,Allocated_Limit
,PUNJAB,MP 029 PUNJAB,RUPNAGAR,131699323.96,Allocated_Limit
,HARYANA,MP 030 HARYANA,SONIPAT,102447123.76,Allocated_Limit
,ODISHA,MP 031 ODISHA,DHENKANAL,126855392.79,Allocated_Limit
,ASSAM,MP 032 ASSAM,DARRANG-UDALGURI,117567814.4,Allocated_Limit
,ANDHRA PRADESH,MP 033 ANDHRA P,NANDYAL,94347370.97,Allocated_Limit
,TELANGANA,MP 034 TELANGAN,ZAHIRABAD,146773891.68,Allocated_Limit
,MAHARASHTRA,MP 035 MAHARASH,BARAMATI,75424125.27,Allocated_Limit
,TAMIL NADU,MP 036 TAMIL NA,CHENNAI NORTH,96244875.75,Allocated_Limit
,KARNATAKA,MP 037 KARNATAK,CHITRADURGA,129528559.71,Allocated_Limit
,UTTAR PRADESH,MP 038 UTTAR PR,KASGANJ,104222370.28,Allocated_Limit
,BIHAR,MP 039 BIHAR,BANKA,133404828.04,Allocated_Limit
,RAJASTHAN,MP 040 RAJASTHA,DUNGARPUR,99282257.43,Allocated_Limit
,MADHYA PRADESH,MP 041 MADHYA P,GUNA,114548620.35,Allocated_Limit
,GUJARAT,MP 042 GUJARAT,PORBANDAR,35498926.04,Allocated_Limit
,WEST BENGAL,MP 043 WEST BEN,BARDHAMAN PURBA,57347793.08,Allocated_Limit
,KERALA,MP 044 KERALA,CHALAKUDY,64726555.63,Allocated_Limit
,PUNJAB,MP 045 PUNJAB,SANGRUR,39575037.23,Allocated_Limit
,HARYANA,MP 046 HARYANA,KARNAL,57934906.36,Allocated_Limit
,ODISHA,MP 047 ODISHA,BALASORE,42120171.53,Allocated_Limit
,ASSAM,MP 048 ASSAM,DHUBRI,63356832.37,Allocated_Limit
,ANDHRA PRADESH,MP 049 ANDHRA P,CHITTOOR,106282133.31,Allocated_Limit
,TELANGANA,MP 050 TELANGAN,WARANGAL,73779861.48,Allocated_Limit
,MAHARASHTRA,MP 051 MAHARASH,NASHIK,74421716.05,Allocated_Limit
,TAMIL NADU,MP 052 TAMIL NA,POLLACHI,55140843.69,Allocated_Limit
,KARNATAKA,MP 053 KARNATAK,BAGALKOT,62037338.65,Allocated_Limit
,UTTAR PRADESH,MP 054 UTTAR PR,PRATAPGARH,142398550.53,Allocated_Limit
,BIHAR,MP 055 BIHAR,MUNGER,107764246.23,Allocated_Limit
,RAJASTHAN,MP 056 RAJASTHA,UDAIPUR,103095720.68,Allocated_Limit
,MADHYA PRADESH,MP 057 MADHYA P,SATNA,50536637.78,Allocated_Limit
,GUJARAT,MP 058 GUJARAT,JAMNAGAR,117495215.75,Allocated_Limit
,WEST BENGAL,MP 059 WEST BEN,KOLKATA DAKSHIN,49608299.25,Allocated_Limit
,KERALA,MP 060 KERALA,WAYANAD,75534653.01,Allocated_Limit
,PUNJAB,MP 061 PUNJAB,AMRITSAR,148742802.08,Allocated_Limit
,HARYANA,MP 062 HARYANA,BHIWANI-MAHENDRAGARH,106799971.18,Allocated_Limit
,ODISHA,MP 063 ODISHA,KORAPUT,96833969.25,Allocated_Limit
,ASSAM,MP 064 ASSAM,DIBRUGARH,112153710.12,Allocated_Limit
,ANDHRA PRADESH,MP 065 ANDHRA P,VIZIANAGARAM,131142230.42,Allocated_Limit
,TELANGANA,MP 066 TELANGAN,SECUNDERABAD,123119989.39,Allocated_Limit
,MAHARASHTRA,MP 067 MAHARASH,BULDHANA,57485768.64,Allocated_Limit
,TAMIL NADU,MP 068 TAMIL NA,CHENNAI CENTRAL,33852029.27,Allocated_Limit
,KARNATAKA,MP 069 KARNATAK,KODAGU,67854365.77,Allocated_Limit
,UTTAR PRADESH,MP 070 UTTAR PR,AMROHA,62128905.12,Allocated_Limit
,BIHAR,MP 071 BIHAR,ARARIA,55317941.23,Allocated_Limit
,RAJASTHAN,MP 072 RAJASTHA,JALORE,143149165.72,Allocated_Limit
,MADHYA PRADESH,MP 073 MADHYA P,GUNA,135164115.18,Allocated_Limit
,GUJARAT,MP 074 GUJARAT,ANAND,67761345.7,Allocated_Limit
,WEST BENGAL,MP 075 WEST BEN,ASANSOL,108652639.84,Allocated_Limit
,KERALA,MP 076 KERALA,PONNANI,77475828.13,Allocated_Limit
,PUNJAB,MP 077 PUNJAB,ANANDPUR SAHIB,139745710.77,Allocated_Limit
,HARYANA,MP 078 HARYANA,ROHTAK,85062222.31,Allocated_Limit
,ODISHA,MP 079 ODISHA,JAGATSINGHPUR,61785619.98,Allocated_Limit
,ASSAM,MP 080 ASSAM,DIPHU,59595300.92,Allocated_Limit
,ANDHRA PRADESH,MP 081 ANDHRA P,RAJAM,97364176.1,Allocated_Limit
,TELANGANA,MP 082 TELANGAN,PEDDAPALLI,61528993.02,Allocated_Limit
,MAHARASHTRA,MP 083 MAHARASH,PALGHAR,100150318.83,Allocated_Limit
,TAMIL NADU,MP 084 TAMIL NA,PERAMBALUR,137738746.03,Allocated_Limit
,KARNATAKA,MP 085 KARNATAK,BIDAR,77928060.62,Allocated_Limit
,UTTAR PRADESH,MP 086 UTTAR PR,FAIZABAD,56318491.1,Allocated_Limit
,BIHAR,MP 087 BIHAR,MADHEPURA,149704512.78,Allocated_Limit
,RAJASTHAN,MP 088 RAJASTHA,BARMER,91143155.24,Allocated_Limit
,MADHYA PRADESH,MP 089 MADHYA P,SATNA,40909129.46,Allocated_Limit
,GUJARAT,MP 090 GUJARAT,PORBANDAR,35653965.05,Allocated_Limit
,WEST BENGAL,MP 091 WEST BEN,JANGIPUR,43157895.64,Allocated_Limit
,KERALA,MP 092 KERALA,MAVELIKKARA,105293525.0,Allocated_Limit
,PUNJAB,MP 093 PUNJAB,BATHINDA,125049523.72,Allocated_Limit
,HARYANA,MP 094 HARYANA,GURGAON,80659196.02,Allocated_Limit
,ODISHA,MP 095 ODISHA,BERHAMPUR,37623324.74,Allocated_Limit
,ASSAM,MP 096 ASSAM,GAUHATI,75794314.38,Allocated_Limit
,ANDHRA PRADESH,MP 097 ANDHRA P,KAKINADA,149534565.63,Allocated_Limit
,TELANGANA,MP 098 TELANGAN,NIZAMABAD,93493721.41,Allocated_Limit
,MAHARASHTRA,MP 099 MAHARASH,CHANDRAPUR,146529405.31,Allocated_Limit
,TAMIL NADU,MP 100 TAMIL NA,ARANI,133293564.27,Allocated_Limit
,KARNATAKA,MP 101 KARNATAK,SHIMOGA,31377722.63,Allocated_Limit
,UTTAR PRADESH,MP 102 UTTAR PR,KANPUR,116486618.32,Allocated_Limit
,BIHAR,MP 103 BIHAR,SUPAUL,111805244.28,Allocated_Limit
,RAJASTHAN,MP 104 RAJASTHA,KARAULI,94436439.65,Allocated_Limit
,MADHYA PRADESH,MP 105 MADHYA P,GUNA,62019022.79,Allocated_Limit
,GUJARAT,MP 106 GUJARAT,JAMNAGAR,106915415.83,Allocated_Limit
,WEST BENGAL,MP 107 WEST BEN,ULUBERIA,43386260.83,Allocated_Limit
,KERALA,MP 108 KERALA,KASARAGOD,82171830.08,Allocated_Limit
,PUNJAB,MP 109 PUNJAB,FARIDKOT,84446844.76,Allocated_Limit
,HARYANA,MP 110 HARYANA,SONIPAT,144457911.3,Allocated_Limit
,ODISHA,MP 111 ODISHA,NABARANGPUR,135102352.85,Allocated_Limit
,ASSAM,MP 112 ASSAM,JORHAT,61606686.09,Allocated_Limit
,ANDHRA PRADESH,MP 113 ANDHRA P,ARAKU,90070333.57,Allocated_Limit
,TELANGANA,MP 114 TELANGAN,NALGONDA,51438225.66,Allocated_Limit
,MAHARASHTRA,MP 115 MAHARASH,PUNE,139515340.72,Allocated_Limit
,TAMIL NADU,MP 116 TAMIL NA,NILGIRIS,134462228.38,Allocated_Limit
,KARNATAKA,MP 117 KARNATAK,DHARWAD,65813374.97,Allocated_Limit
,UTTAR PRADESH,MP 118 UTTAR PR,PILIBHIT,106673939.38,Allocated_Limit
,BIHAR,MP 119 BIHAR,KATIHAR,103076425.37,Allocated_Limit
,RAJASTHAN,MP 120 RAJASTHA,CHITTORGARH,48340712.23,Allocated_Limit
,MADHYA PRADESH,MP 121 MADHYA P,SATNA,121501296.01,Allocated_Limit
,GUJARAT,MP 122 GUJARAT,ANAND,94725483.61,Allocated_Limit
,WEST BENGAL,MP 123 WEST BEN,GHATAL,123435177.44,Allocated_Limit
,KERALA,MP 124 KERALA,CHALAKUDY,93642440.66,Allocated_Limit
,PUNJAB,MP 125 PUNJAB,FATEHGARH SAHIB,30068627.54,Allocated_Limit
,HARYANA,MP 126 HARYANA,KARNAL,68898726.84,Allocated_Limit
,ODISHA,MP 127 ODISHA,JHARSUGUDA,32337209.09,Allocated_Limit
,ASSAM,MP 128 ASSAM,KARIMGANJ,141491833.95,Allocated_Limit
,ANDHRA PRADESH,MP 129 ANDHRA P,TIRUPATI,135446625.34,Allocated_Limit
,TELANGANA,MP 130 TELANGAN,NAGARKURNOOL,129799863.52,Allocated_Limit
,MAHARASHTRA,MP 131 MAHARASH,DHULE,66901695.05,Allocated_Limit
,TAMIL NADU,MP 132 TAMIL NA,VIRUDHUNAGAR,36951019.98,Allocated_Limit
,KARNATAKA,MP 133 KARNATAK,BANGALORE NORTH,135361151.9,Allocated_Limit
,UTTAR PRADESH,MP 134 UTTAR PR,ALLAHABAD,143633933.44,Allocated_Limit
,BIHAR,MP 135 BIHAR,SHEOHAR,40278414.25,Allocated_Limit
,RAJASTHAN,MP 136 RAJASTHA,RAJSAMAND,88318855.6,Allocated_Limit
,MADHYA PRADESH,MP 137 MADHYA P,GUNA,38305502.22,Allocated_Limit
,GUJARAT,MP 138 GUJARAT,PORBANDAR,121272259.83,Allocated_Limit
,WEST BENGAL,MP 139 WEST BEN,PURULIA,121900131.52,Allocated_Limit
,KERALA,MP 140 KERALA,WAYANAD,45406975.74,Allocated_Limit
,PUNJAB,MP 141 PUNJAB,FEROZEPUR,87033885.37,Allocated_Limit
,HARYANA,MP 142 HARYANA,BHIWANI-MAHENDRAGARH,95976431.22,Allocated_Limit
,ODISHA,MP 143 ODISHA,BOLANGIR,61806795.47,Allocated_Limit
,ASSAM,MP 144 ASSAM,KOKRAJHAR,134691964.93,Allocated_Limit
,ANDHRA PRADESH,MP 145 ANDHRA P,NELLORE,80776552.82,Allocated_Limit
,TELANGANA,MP 146 TELANGAN,MALKAJGIRI,55415784.65,Allocated_Limit
,MAHARASHTRA,MP 147 MAHARASH,RAIGARH,94715530.65,Allocated_Limit
,TAMIL NADU,MP 148 TAMIL NA,NAMAKKAL,117591728.29,Allocated_Limit
,KARNATAKA,MP 149 KARNATAK,KOPPAL,54138127.61,Allocated_Limit
,UTTAR PRADESH,MP 150 UTTAR PR,ETAWAH,67405954.96,Allocated_Limit
,BIHAR,MP 151 BIHAR,HAJIPUR,149417922.8,Allocated_Limit
,RAJASTHAN,MP 152 RAJASTHA,DUNGARPUR,107985366.92,Allocated_Limit
,MADHYA PRADESH,MP 153 MADHYA P,SATNA,82572010.07,Allocated_Limit
,GUJARAT,MP 154 GUJARAT,JAMNAGAR,92109100.92,Allocated_Limit
,WEST BENGAL,MP 155 WEST BEN,COOCH BEHAR,44520503.5,Allocated_Limit
,KERALA,MP 156 KERALA,PONNANI,56963680.44,Allocated_Limit
,PUNJAB,MP 157 PUNJAB,GURDASPUR,70570267.46,Allocated_Limit
,HARYANA,MP 158 HARYANA,ROHTAK,100597046.21,Allocated_Limit
,ODISHA,MP 159 ODISHA,RAYAGADA,57613767.91,Allocated_Limit
,ASSAM,MP 160 ASSAM,LAKHIMPUR,56426086.13,Allocated_Limit
,ANDHRA PRADESH,MP 161 ANDHRA P,GUNTUR,38519170.32,Allocated_Limit
,TELANGANA,MP 162 TELANGAN,MEDAK,105732354.87,Allocated_Limit
,MAHARASHTRA,MP 163 MAHARASH,DINDORI,57473014.06,Allocated_Limit
,TAMIL NADU,MP 164 TAMIL NA,VILLUPURAM,138650401.56,Allocated_Limit
,KARNATAKA,MP 165 KARNATAK,CHIKBALLAPUR,133156248.03,Allocated_Limit
,UTTAR PRADESH,MP 166 UTTAR PR,KANNAUJ,38502881.99,Allocated_Limit
,BIHAR,MP 167 BIHAR,PURNIA,58560556.12,Allocated_Limit
,RAJASTHAN,MP 168 RAJASTHA,UDAIPUR,110277333.4,Allocated_Limit
,MADHYA PRADESH,MP 169 MADHYA P,GUNA,55708416.88,Allocated_Limit
,GUJARAT,MP 170 GUJARAT,ANAND,45877421.85,Allocated_Limit
,WEST BENGAL,MP 171 WEST BEN,MALDAHA UTTAR,142261708.87,Allocated_Limit
,KERALA,MP 172 KERALA,MAVELIKKARA,98525171.2,Allocated_Limit
,PUNJAB,MP 173 PUNJAB,HOSHIARPUR,86720523.16,Allocated_Limit
,HARYANA,MP 174 HARYANA,GURGAON,124154330.91,Allocated_Limit
,ODISHA,MP 175 ODISHA,KANDHAMAL,126899639.73,Allocated_Limit
,ASSAM,MP 176 ASSAM,MANGALDOI,52849189.72,Allocated_Limit
,ANDHRA PRADESH,MP 177 ANDHRA P,AMARAVATI,41631697.71,Allocated_Limit
,TELANGANA,MP 178 TELANGAN,MAHBUBNAGAR,81726141.89,Allocated_Limit
,MAHARASHTRA,MP 179 MAHARASH,RATNAGIRI,80829434.76,Allocated_Limit
,TAMIL NADU,MP 180 TAMIL NA,MAYILADUTHURAI,86042960.16,Allocated_Limit
,KARNATAKA,MP 181 KARNATAK,UDUPI-CHIKMAGALUR,117489101.94,Allocated_Limit
,UTTAR PRADESH,MP 182 UTTAR PR,PHULPUR,110803745.68,Allocated_Limit
,BIHAR,MP 183 BIHAR,DARBHANGA,148099825.36,Allocated_Limit
,RAJASTHAN,MP 184 RAJASTHA,JALORE,41810144.54,Allocated_Limit
,MADHYA PRADESH,MP 185 MADHYA P,SATNA,78314553.85,Allocated_Limit
,GUJARAT,MP 186 GUJARAT,PORBANDAR,70716312.65,Allocated_Limit
,WEST BENGAL,MP 187 WEST BEN,BARDHAMAN PURBA,133400704.36,Allocated_Limit
,KERALA,MP 188 KERALA,KASARAGOD,59838760.07,Allocated_Limit
,PUNJAB,MP 189 PUNJAB,JALANDHAR,52825069.01,Allocated_Limit
,HARYANA,MP 190 HARYANA,SONIPAT,83833625.74,Allocated_Limit
,ODISHA,MP 191 ODISHA,DEOGARH,80625796.78,Allocated_Limit
,ASSAM,MP 192 ASSAM,NAGAON,63425417.36,Allocated_Limit
,ANDHRA PRADESH,MP 193 ANDHRA P,RAJAHMUNDRY,59976773.75,Allocated_Limit
,TELANGANA,MP 194 TELANGAN,MAHABUBABAD,140791871.91,Allocated_Limit
,MAHARASHTRA,MP 195 MAHARASH,GADCHIROLI,83175689.41,Allocated_Limit
,TAMIL NADU,MP 196 TAMIL NA,VELLORE,133361892.57,Allocated_Limit
,KARNATAKA,MP 197 KARNATAK,HASSAN,96039037.49,Allocated_Limit
,UTTAR PRADESH,MP 198 UTTAR PR,ALIGARH,36070599.54,Allocated_Limit
,BIHAR,MP 199 BIHAR,PALIGANJ,149913896.21,Allocated_Limit
,RAJASTHAN,MP 200 RAJASTHA,BARMER,130323310.21,Allocated_Limit
,MADHYA PRADESH,MP 201 MADHYA P,GUNA,146279550.87,Allocated_Limit
,GUJARAT,MP 202 GUJARAT,JAMNAGAR,141164037.96,Allocated_Limit
,WEST BENGAL,MP 203 WEST BEN,KOLKATA DAKSHIN,131843488.13,Allocated_Limit
,KERALA,MP 204 KERALA,CHALAKUDY,49957333.27,Allocated_Limit
,PUNJAB,MP 205 PUNJAB,KHADOOR SAHIB,88276935.05,Allocated_Limit
,HARYANA,MP 206 HARYANA,KARNAL,55649675.9,Allocated_Limit
,ODISHA,MP 207 ODISHA,SUNDERGARH,78124835.11,Allocated_Limit
,ASSAM,MP 208 ASSAM,NOWGONG,37036248.0,Allocated_Limit
,ANDHRA PRADESH,MP 209 ANDHRA P,NANDYAL,75476774.28,Allocated_Limit
,TELANGANA,MP 210 TELANGAN,KHAMMAM,148237061.25,Allocated_Limit
,MAHARASHTRA,MP 211 MAHARASH,SATARA,61824366.98,Allocated_Limit
,TAMIL NADU,MP 212 TAMIL NA,MADURAI,124088472.23,Allocated_Limit
,KARNATAKA,MP 213 KARNATAK,BELGAUM,84601004.08,Allocated_Limit
,UTTAR PRADESH,MP 214 UTTAR PR,ETAH,80760898.32,Allocated_Limit
,BIHAR,MP 215 BIHAR,BEGUSARAI,144878116.9,Allocated_Limit
,RAJASTHAN,MP 216 RAJASTHA,KARAULI,149450722.74,Allocated_Limit
,MADHYA PRADESH,MP 217 MADHYA P,SATNA,96692198.81,Allocated_Limit
,GUJARAT,MP 218 GUJARAT,ANAND,116208993.04,Allocated_Limit
,WEST BENGAL,MP 219 WEST BEN,ASANSOL,48575619.03,Allocated_Limit
,KERALA,MP 220 KERALA,WAYANAD,65604939.06,Allocated_Limit
,PUNJAB,MP 221 PUNJAB,LUDHIANA,146245123.8,Allocated_Limit
,HARYANA,MP 222 HARYANA,BHIWANI-MAHENDRAGARH,99501634.9,Allocated_Limit
,ODISHA,MP 223 ODISHA,KEONJHAR,95063424.16,Allocated_Limit
,ASSAM,MP 224 ASSAM,SILCHAR,119757067.25,Allocated_Limit
,ANDHRA PRADESH,MP 225 ANDHRA P,CHITTOOR,36859832.75,Allocated_Limit
,TELANGANA,MP 226 TELANGAN,KARIMNAGAR,100101311.34,Allocated_Limit
,MAHARASHTRA,MP 227 MAHARASH,HINGOLI,90342045.95,Allocated_Limit
,TAMIL NADU,MP 228 TAMIL NA,TIRUVANNAMALAI,132326387.05,Allocated_Limit
,KARNATAKA,MP 229 KARNATAK,MYSORE,48891927.35,Allocated_Limit
,UTTAR PRADESH,MP 230 UTTAR PR,JHANSI,145293468.39,Allocated_Limit
,BIHAR,MP 231 BIHAR,MUZAFFARPUR,39613375.83,Allocated_Limit
,RAJASTHAN,MP 232 RAJASTHA,CHITTORGARH,52298995.32,Allocated_Limit
,MADHYA PRADESH,MP 233 MADHYA P,GUNA,101404212.77,Allocated_Limit
,GUJARAT,MP 234 GUJARAT,PORBANDAR,111025506.43,Allocated_Limit
,WEST BENGAL,MP 235 WEST BEN,JANGIPUR,58224467.4,Allocated_Limit
,KERALA,MP 236 KERALA,PONNANI,44386393.67,Allocated_Limit
,PUNJAB,MP 237 PUNJAB,PATHANKOT,136834477.7,Allocated_Limit
,HARYANA,MP 238 HARYANA,ROHTAK,59545841.73,Allocated_Limit
,ODISHA,MP 239 ODISHA,GAJAPATI,101342298.42,Allocated_Limit
,ASSAM,MP 240 ASSAM,TEZPUR,104325781.24,Allocated_Limit
,ANDHRA PRADESH,MP 241 ANDHRA P,VIZIANAGARAM,80306989.84,Allocated_Limit
,TELANGANA,MP 242 TELANGAN,HYDERABAD,100040674.71,Allocated_Limit
,MAHARASHTRA,MP 243 MAHARASH,SHIRDI,92733925.86,Allocated_Limit
,TAMIL NADU,MP 244 TAMIL NA,KRISHNAGIRI,142164750.93,Allocated_Limit
,KARNATAKA,MP 245 KARNATAK,CHITRADURGA,54511103.93,Allocated_Limit
,UTTAR PRADESH,MP 246 UTTAR PR,MUZAFFARNAGAR,115943016.09,Allocated_Limit
,BIHAR,MP 247 BIHAR,ARRAH,58642314.31,Allocated_Limit
,RAJASTHAN,MP 248 RAJASTHA,RAJSAMAND,77494301.61,Allocated_Limit
,MADHYA PRADESH,MP 249 MADHYA P,SATNA,110602826.76,Allocated_Limit
,GUJARAT,MP 250 GUJARAT,JAMNAGAR,65999649.58,Allocated_Limit
,WEST BENGAL,MP 251 WEST BEN,ULUBERIA,67941263.55,Allocated_Limit
,KERALA,MP 252 KERALA,MAVELIKKARA,120223739.09,Allocated_Limit
,PUNJAB,MP 253 PUNJAB,PATIALA,38705173.74,Allocated_Limit
,HARYANA,MP 254 HARYANA,GURGAON,84994262.71,Allocated_Limit
,ODISHA,MP 255 ODISHA,BARGARH,149814532.9,Allocated_Limit
,ASSAM,MP 256 ASSAM,BARPETA,149531573.74,Allocated_Limit
,ANDHRA PRADESH,MP 257 ANDHRA P,RAJAM,38791286.53,Allocated_Limit
,TELANGANA,MP 258 TELANGAN,CHEVELLA,55578517.47,Allocated_Limit
,MAHARASHTRA,MP 259 MAHARASH,JALGAON,61824049.77,Allocated_Limit
,TAMIL NADU,MP 260 TAMIL NA,TIRUVALLUR,141991125.36,Allocated_Limit
,KARNATAKA,MP 261 KARNATAK,BAGALKOT,135703700.84,Allocated_Limit
,UTTAR PRADESH,MP 262 UTTAR PR,AKBARPUR,135512429.1,Allocated_Limit
,BIHAR,MP 263 BIHAR,MADHUBANI,74343250.65,Allocated_Limit
,RAJASTHAN,MP 264 RAJASTHA,DUNGARPUR,48929619.88,Allocated_Limit
,MADHYA PRADESH,MP 265 MADHYA P,GUNA,130049394.56,Allocated_Limit
,GUJARAT,MP 266 GUJARAT,ANAND,114424791.01,Allocated_Limit
,WEST BENGAL,MP 267 WEST BEN,GHATAL,103401331.89,Allocated_Limit
,KERALA,MP 268 KERALA,KASARAGOD,148467967.64,Allocated_Limit
,PUNJAB,MP 269 PUNJAB,RUPNAGAR,108477158.13,Allocated_Limit
,HARYANA,MP 270 HARYANA,SONIPAT,30938772.86,Allocated_Limit
,ODISHA,MP 271 ODISHA,MAYURBHANJ,128052496.21,Allocated_Limit
,ASSAM,MP 272 ASSAM,DARRANG-UDALGURI,65925450.26,Allocated_Limit
,ANDHRA PRADESH,MP 273 ANDHRA P,KAKINADA,109606645.8,Allocated_Limit
,TELANGANA,MP 274 TELANGAN,BHONGIR,142671600.47,Allocated_Limit
,MAHARASHTRA,MP 275 MAHARASH,SHIRUR,46114933.73,Allocated_Limit
,TAMIL NADU,MP 276 TAMIL NA,KARUR,43851440.45,Allocated_Limit
,KARNATAKA,MP 277 KARNATAK,KODAGU,42844317.33,Allocated_Limit
,UTTAR PRADESH,MP 278 UTTAR PR,DEORIA,96386836.91,Allocated_Limit
,BIHAR,MP 279 BIHAR,UJIARPUR,62681785.48,Allocated_Limit
,RAJASTHAN,MP 280 RAJASTHA,UDAIPUR,102579579.24,Allocated_Limit
,MADHYA PRADESH,MP 281 MADHYA P,SATNA,116113462.46,Allocated_Limit
,GUJARAT,MP 282 GUJARAT,PORBANDAR,54431677.48,Allocated_Limit
,WEST BENGAL,MP 283 WEST BEN,PURULIA,106108555.07,Allocated_Limit
,KERALA,MP 284 KERALA,CHALAKUDY,61678068.2,Allocated_Limit
,PUNJAB,MP 285 PUNJAB,SANGRUR,88623822.26,Allocated_Limit
,HARYANA,MP 286 HARYANA,KARNAL,138640378.93,Allocated_Limit
,ODISHA,MP 287 ODISHA,JAJPUR,131532445.6,Allocated_Limit
,ASSAM,MP 288 ASSAM,DHUBRI,41075816.13,Allocated_Limit
,ANDHRA PRADESH,MP 289 ANDHRA P,ARAKU,80829092.71,Allocated_Limit
,TELANGANA,MP 290 TELANGAN,ADILABAD,63201626.88,Allocated_Limit
,MAHARASHTRA,MP 291 MAHARASH,JALNA,30425482.69,Allocated_Limit
,TAMIL NADU,MP 292 TAMIL NA,TIRUPPUR,122534306.76,Allocated_Limit
,KARNATAKA,MP 293 KARNATAK,BIDAR,106453605.28,Allocated_Limit
,UTTAR PRADESH,MP 294 UTTAR PR,JAUNPUR,61434631.49,Allocated_Limit
,BIHAR,MP 295 BIHAR,KHAGARIA,118947709.0,Allocated_Limit
,RAJASTHAN,MP 296 RAJASTHA,JALORE,96201650.54,Allocated_Limit
,MADHYA PRADESH,MP 297 MADHYA P,GUNA,81322430.28,Allocated_Limit
,GUJARAT,MP 298 GUJARAT,JAMNAGAR,31160363.95,Allocated_Limit
,WEST BENGAL,MP 299 WEST BEN,COOCH BEHAR,39029263.21,Allocated_Limit
,KERALA,MP 300 KERALA,WAYANAD,135972767.2,Allocated_Limit
,PUNJAB,MP 301 PUNJAB,AMRITSAR,138471428.59,Allocated_Limit
,HARYANA,MP 302 HARYANA,BHIWANI-MAHENDRAGARH,95470834.7,Allocated_Limit
,ODISHA,MP 303 ODISHA,BHUBANESWAR,130151402.39,Allocated_Limit
,ASSAM,MP 304 ASSAM,DIBRUGARH,99901147.98,Allocated_Limit
,ANDHRA PRADESH,MP 305 ANDHRA P,TIRUPATI,47771254.27,Allocated_Limit
,TELANGANA,MP 306 TELANGAN,ZAHIRABAD,45293462.31,Allocated_Limit
,MAHARASHTRA,MP 307 MAHARASH,SOLAPUR,66991001.99,Allocated_Limit
,TAMIL NADU,MP 308 TAMIL NA,KANCHEEPURAM,137877778.65,Allocated_Limit
,KARNATAKA,MP 309 KARNATAK,SHIMOGA,125534676.59,Allocated_Limit
,UTTAR PRADESH,MP 310 UTTAR PR,MORADABAD,133284309.84,Allocated_Limit
,BIHAR,MP 311 BIHAR,SITAMARHI,137870956.38,Allocated_Limit
,RAJASTHAN,MP 312 RAJASTHA,BARMER,55209184.6,Allocated_Limit
,MADHYA PRADESH,MP 313 MADHYA P,SATNA,59943568.71,Allocated_Limit
,GUJARAT,MP 314 GUJARAT,ANAND,42335234.6,Allocated_Limit
,WEST BENGAL,MP 315 WEST BEN,MALDAHA UTTAR,123613949.02,Allocated_Limit
,KERALA,MP 316 KERALA,PONNANI,136096164.17,Allocated_Limit
,PUNJAB,MP 317 PUNJAB,ANANDPUR SAHIB,78765286.78,Allocated_Limit
,HARYANA,MP 318 HARYANA,ROHTAK,104479381.22,Allocated_Limit
,ODISHA,MP 319 ODISHA,PURI,48546400.6,Allocated_Limit
,ASSAM,MP 320 ASSAM,DIPHU,141585721.88,Allocated_Limit
,ANDHRA PRADESH,MP 321 ANDHRA P,NELLORE,133752683.55,Allocated_Limit
,TELANGANA,MP 322 TELANGAN,WARANGAL,147144723.95,Allocated_Limit
,MAHARASHTRA,MP 323 MAHARASH,KOLHAPUR,127292606.39,Allocated_Limit
,TAMIL NADU,MP 324 TAMIL NA,TIRUNELVELI,135769944.56,Allocated_Limit
,KARNATAKA,MP 325 KARNATAK,DHARWAD,32974363.43,Allocated_Limit
,UTTAR PRADESH,MP 326 UTTAR PR,AGRA,118387736.61,Allocated_Limit
,BIHAR,MP 327 BIHAR,JAMUI,69862256.15,Allocated_Limit
,RAJASTHAN,MP 328 RAJASTHA,KARAULI,141697906.33,Allocated_Limit
,MADHYA PRADESH,MP 329 MADHYA P,GUNA,126268216.67,Allocated_Limit
,GUJARAT,MP 330 GUJARAT,PORBANDAR,133687683.41,Allocated_Limit
,WEST BENGAL,MP 331 WEST BEN,BARDHAMAN PURBA,127289917.99,Allocated_Limit
,KERALA,MP 332 KERALA,MAVELIKKARA,62016685.15,Allocated_Limit
,PUNJAB,MP 333 PUNJAB,BATHINDA,124484941.1,Allocated_Limit
,HARYANA,MP 334 HARYANA,GURGAON,42971475.17,Allocated_Limit
,ODISHA,MP 335 ODISHA,KALAHANDI,134660013.95,Allocated_Limit
,ASSAM,MP 336 ASSAM,GAUHATI,133031190.16,Allocated_Limit
,ANDHRA PRADESH,MP 337 ANDHRA P,GUNTUR,56692046.11,Allocated_Limit
,TELANGANA,MP 338 TELANGAN,SECUNDERABAD,127990392.67,Allocated_Limit
,MAHARASHTRA,MP 339 MAHARASH,THANE,85236388.16,Allocated_Limit
,TAMIL NADU,MP 340 TAMIL NA,KALLAKURICHI,66622904.08,Allocated_Limit
,KARNATAKA,MP 341 KARNATAK,BANGALORE NORTH,125441459.9,Allocated_Limit
,UTTAR PRADESH,MP 342 UTTAR PR,CHANDAULI,57311458.49,Allocated_Limit
,BIHAR,MP 343 BIHAR,SAMASTIPUR,32839732.16,Allocated_Limit
,RAJASTHAN,MP 344 RAJASTHA,CHITTORGARH,53175574.6,Allocated_Limit
,MADHYA PRADESH,MP 345 MADHYA P,SATNA,69391434.14,Allocated_Limit
,GUJARAT,MP 346 GUJARAT,JAMNAGAR,133722353.04,Allocated_Limit
,WEST BENGAL,MP 347 WEST BEN,KOLKATA DAKSHIN,146026692.49,Allocated_Limit
,KERALA,MP 348 KERALA,KASARAGOD,63494999.13,Allocated_Limit
,PUNJAB,MP 349 PUNJAB,FARIDKOT,106977808.63,Allocated_Limit
,HARYANA,MP 350 HARYANA,SONIPAT,77961406.12,Allocated_Limit
,ODISHA,MP 351 ODISHA,CUTTACK,147737962.46,Allocated_Limit
,ASSAM,MP 352 ASSAM,JORHAT,94345887.9,Allocated_Limit
,ANDHRA PRADESH,MP 353 ANDHRA P,AMARAVATI,142708456.84,Allocated_Limit
,TELANGANA,MP 354 TELANGAN,PEDDAPALLI,43841010.22,Allocated_Limit
,MAHARASHTRA,MP 355 MAHARASH,LATUR,146448073.32,Allocated_Limit
,TAMIL NADU,MP 356 TAMIL NA,TIRUCHIRAPPALLI,51428137.94,Allocated_Limit
,KARNATAKA,MP 357 KARNATAK,KOPPAL,145504117.89,Allocated_Limit
,UTTAR PRADESH,MP 358 UTTAR PR,JALAUN,61855963.5,Allocated_Limit
,BIHAR,MP 359 BIHAR,GAYA,43008305.67,Allocated_Limit
,RAJASTHAN,MP 360 RAJASTHA,RAJSAMAND,82147651.03,Allocated_Limit
,MADHYA PRADESH,MP 361 MADHYA P,GUNA,117425407.28,Allocated_Limit
,GUJARAT,MP 362 GUJARAT,ANAND,67641277.7,Allocated_Limit
,WEST BENGAL,MP 363 WEST BEN,ASANSOL,102745062.4,Allocated_Limit
,KERALA,MP 364 KERALA,CHALAKUDY,91370767.16,Allocated_Limit
,PUNJAB,MP 365 PUNJAB,FATEHGARH SAHIB,76223452.0,Allocated_Limit
,HARYANA,MP 366 HARYANA,KARNAL,99190565.22,Allocated_Limit
,ODISHA,MP 367 ODISHA,SAMBALPUR,60566700.74,Allocated_Limit
,ASSAM,MP 368 ASSAM,KARIMGANJ,115054234.06,Allocated_Limit
,ANDHRA PRADESH,MP 369 ANDHRA P,RAJAHMUNDRY,30202953.39,Allocated_Limit
,TELANGANA,MP 370 TELANGAN,NIZAMABAD,141069019.86,Allocated_Limit
,MAHARASHTRA,MP 371 MAHARASH,WARDHA,94614239.65,Allocated_Limit
,TAMIL NADU,MP 372 TAMIL NA,ERODE,116331599.9,Allocated_Limit
,KARNATAKA,MP 373 KARNATAK,CHIKBALLAPUR,119034009.34,Allocated_Limit
,UTTAR PRADESH,MP 374 UTTAR PR,MISRIKH,110475420.53,Allocated_Limit
,BIHAR,MP 375 BIHAR,PATALIPUTRA,73706576.61,Allocated_Limit
,RAJASTHAN,MP 376 RAJASTHA,DUNGARPUR,38396857.34,Allocated_Limit
,MADHYA PRADESH,MP 377 MADHYA P,SATNA,109708522.19,Allocated_Limit
,GUJARAT,MP 378 GUJARAT,PORBANDAR,69624004.33,Allocated_Limit
,WEST BENGAL,MP 379 WEST BEN,JANGIPUR,67669877.41,Allocated_Limit
,KERALA,MP 380 KERALA,WAYANAD,131761833.54,Allocated_Limit
,PUNJAB,MP 381 PUNJAB,FEROZEPUR,116370511.56,Allocated_Limit
,HARYANA,MP 382 HARYANA,BHIWANI-MAHENDRAGARH,66038672.19,Allocated_Limit
,ODISHA,MP 383 ODISHA,KENDRAPARA,67114159.47,Allocated_Limit
,ASSAM,MP 384 ASSAM,KOKRAJHAR,79007149.03,Allocated_Limit
,ANDHRA PRADESH,MP 385 ANDHRA P,NANDYAL,78288046.45,Allocated_Limit
,TELANGANA,MP 386 TELANGAN,NALGONDA,65478624.3,Allocated_Limit
,MAHARASHTRA,MP 387 MAHARASH,MAVAL,45274535.89,Allocated_Limit
,TAMIL NADU,MP 388 TAMIL NA,THENI,80453560.05,Allocated_Limit
,KARNATAKA,MP 389 KARNATAK,UDUPI-CHIKMAGALUR,142843640.49,Allocated_Limit
,UTTAR PRADESH,MP 390 UTTAR PR,VARANASI,111278153.43,Allocated_Limit
,BIHAR,MP 391 BIHAR,BHAGALPUR,138336665.49,Allocated_Limit
,RAJASTHAN,MP 392 RAJASTHA,UDAIPUR,103861789.91,Allocated_Limit
,MADHYA PRADESH,MP 393 MADHYA P,GUNA,66113984.95,Allocated_Limit
,GUJARAT,MP 394 GUJARAT,JAMNAGAR,95752465.58,Allocated_Limit
,WEST BENGAL,MP 395 WEST BEN,ULUBERIA,30048712.76,Allocated_Limit
,KERALA,MP 396 KERALA,PONNANI,64429646.02,Allocated_Limit
,PUNJAB,MP 397 PUNJAB,GURDASPUR,81586578.0,Allocated_Limit
,HARYANA,MP 398 HARYANA,ROHTAK,99598173.74,Allocated_Limit
,ODISHA,MP 399 ODISHA,DHENKANAL,108564674.84,Allocated_Limit
,ASSAM,MP 400 ASSAM,LAKHIMPUR,85798582.83,Allocated_Limit
,ANDHRA PRADESH,MP 401 ANDHRA P,CHITTOOR,83059175.92,Allocated_Limit
,TELANGANA,MP 402 TELANGAN,NAGARKURNOOL,55644168.12,Allocated_Limit
,MAHARASHTRA,MP 403 MAHARASH,YAVATMAL,86782342.31,Allocated_Limit
,TAMIL NADU,MP 404 TAMIL NA,DINDIGUL,138141699.1,Allocated_Limit
,KARNATAKA,MP 405 KARNATAK,HASSAN,125522971.22,Allocated_Limit
,UTTAR PRADESH,MP 406 UTTAR PR,BULANDSHAHR,50362967.54,Allocated_Limit
,BIHAR,MP 407 BIHAR,NALANDA,40175464.41,Allocated_Limit
,RAJASTHAN,MP 408 RAJASTHA,JALORE,91854241.19,Allocated_Limit
,MADHYA PRADESH,MP 409 MADHYA P,SATNA,105952902.69,Allocated_Limit
,GUJARAT,MP 410 GUJARAT,ANAND,70222590.65,Allocated_Limit
,WEST BENGAL,MP 411 WEST BEN,GHATAL,128210815.74,Allocated_Limit
,KERALA,MP 412 KERALA,MAVELIKKARA,120136576.5,Allocated_Limit
,PUNJAB,MP 413 PUNJAB,HOSHIARPUR,110735480.47,Allocated_Limit
,HARYANA,MP 414 HARYANA,GURGAON,56956879.92,Allocated_Limit
,ODISHA,MP 415 ODISHA,BALASORE,53895591.93,Allocated_Limit
,ASSAM,MP 416 ASSAM,MANGALDOI,32931046.53,Allocated_Limit
,ANDHRA PRADESH,MP 417 ANDHRA P,VIZIANAGARAM,59381105.29,Allocated_Limit
,TELANGANA,MP 418 TELANGAN,MALKAJGIRI,87016361.31,Allocated_Limit
,MAHARASHTRA,MP 419 MAHARASH,MUMBAI NORTH,131968523.35,Allocated_Limit
,TAMIL NADU,MP 420 TAMIL NA,THANJAVUR,38739387.5,Allocated_Limit
,KARNATAKA,MP 421 KARNATAK,BELGAUM,79732921.32,Allocated_Limit
,UTTAR PRADESH,MP 422 UTTAR PR,HATHRAS,105571845.69,Allocated_Limit
,BIHAR,MP 423 BIHAR,AURANGABAD_BR,53332228.41,Allocated_Limit
,RAJASTHAN,MP 424 RAJASTHA,BARMER,113562510.06,Allocated_Limit
,MADHYA PRADESH,MP 425 MADHYA P,GUNA,89325260.28,Allocated_Limit
,GUJARAT,MP 426 GUJARAT,PORBANDAR,59278132.75,Allocated_Limit
,WEST BENGAL,MP 427 WEST BEN,PURULIA,108726961.33,Allocated_Limit
,KERALA,MP 428 KERALA,KASARAGOD,30665378.18,Allocated_Limit
,PUNJAB,MP 429 PUNJAB,JALANDHAR,120115737.19,Allocated_Limit
,HARYANA,MP 430 HARYANA,SONIPAT,122405542.63,Allocated_Limit
,ODISHA,MP 431 ODISHA,KORAPUT,42790475.59,Allocated_Limit
,ASSAM,MP 432 ASSAM,NAGAON,81017543.27,Allocated_Limit
,ANDHRA PRADESH,MP 433 ANDHRA P,RAJAM,51106401.8,Allocated_Limit
,TELANGANA,MP 434 TELANGAN,MEDAK,144955925.07,Allocated_Limit
,MAHARASHTRA,MP 435 MAHARASH,AHMEDNAGAR,92154930.05,Allocated_Limit
,TAMIL NADU,MP 436 TAMIL NA,DHARMAPURI,36026206.22,Allocated_Limit
,KARNATAKA,MP 437 KARNATAK,MYSORE,59903793.56,Allocated_Limit
,UTTAR PRADESH,MP 438 UTTAR PR,MIRZAPUR,131800361.68,Allocated_Limit
,BIHAR,MP 439 BIHAR,MAHARAJGANJ,84775419.06,Allocated_Limit
,RAJASTHAN,MP 440 RAJASTHA,KARAULI,126169992.21,Allocated_Limit
,MADHYA PRADESH,MP 441 MADHYA P,SATNA,110109327.91,Allocated_Limit
,GUJARAT,MP 442 GUJARAT,JAMNAGAR,148547094.37,Allocated_Limit
,WEST BENGAL,MP 443 WEST BEN,COOCH BEHAR,101454278.22,Allocated_Limit
,KERALA,MP 444 KERALA,CHALAKUDY,144004753.01,Allocated_Limit
,PUNJAB,MP 445 PUNJAB,KHADOOR SAHIB,136971111.1,Allocated_Limit
,HARYANA,MP 446 HARYANA,KARNAL,103518278.73,Allocated_Limit
,ODISHA,MP 447 ODISHA,JAGATSINGHPUR,116312875.35,Allocated_Limit
,ASSAM,MP 448 ASSAM,NOWGONG,90573379.78,Allocated_Limit
,ANDHRA PRADESH,MP 449 ANDHRA P,KAKINADA,129668300.37,Allocated_Limit
,TELANGANA,MP 450 TELANGAN,MAHBUBNAGAR,95744634.07,Allocated_Limit
,MAHARASHTRA,MP 451 MAHARASH,MUMBAI SOUTH,137664972.39,Allocated_Limit
,TAMIL NADU,MP 452 TAMIL NA,TENKASI,119238653.06,Allocated_Limit
,KARNATAKA,MP 453 KARNATAK,CHITRADURGA,86960932.42,Allocated_Limit
,UTTAR PRADESH,MP 454 UTTAR PR,SULTANPUR,61102985.82,Allocated_Limit
,BIHAR,MP 455 BIHAR,VAISHALI,59668768.5,Allocated_Limit
,RAJASTHAN,MP 456 RAJASTHA,CHITTORGARH,106519372.41,Allocated_Limit
,MADHYA PRADESH,MP 457 MADHYA P,GUNA,121897642.12,Allocated_Limit
,GUJARAT,MP 458 GUJARAT,ANAND,92555977.54,Allocated_Limit
,WEST BENGAL,MP 459 WEST BEN,MALDAHA UTTAR,105209812.44,Allocated_Limit
,KERALA,MP 460 KERALA,WAYANAD,62951693.63,Allocated_Limit
,PUNJAB,MP 461 PUNJAB,LUDHIANA,39298002.46,Allocated_Limit
,HARYANA,MP 462 HARYANA,BHIWANI-MAHENDRAGARH,64287378.1,Allocated_Limit
,ODISHA,MP 463 ODISHA,BERHAMPUR,62605812.85,Allocated_Limit
,ASSAM,MP 464 ASSAM,SILCHAR,68365148.21,Allocated_Limit
,ANDHRA PRADESH,MP 465 ANDHRA P,ARAKU,94818266.7,Allocated_Limit
,TELANGANA,MP 466 TELANGAN,MAHABUBABAD,46604887.38,Allocated_Limit
,MAHARASHTRA,MP 467 MAHARASH,AMRAVATI,57751377.57,Allocated_Limit
,TAMIL NADU,MP 468 TAMIL NA,CUDDALORE,113273977.48,Allocated_Limit
,KARNATAKA,MP 469 KARNATAK,BAGALKOT,114770297.0,Allocated_Limit
,UTTAR PRADESH,MP 470 UTTAR PR,BUDAUN,37707462.09,Allocated_Limit
,BIHAR,MP 471 BIHAR,KISHANGANJ,78911924.36,Allocated_Limit
,RAJASTHAN,MP 472 RAJASTHA,RAJSAMAND,95113336.86,Allocated_Limit
,MADHYA PRADESH,MP 473 MADHYA P,SATNA,79892908.09,Allocated_Limit
,GUJARAT,MP 474 GUJARAT,PORBANDAR,54820126.74,Allocated_Limit
,WEST BENGAL,MP 475 WEST BEN,BARDHAMAN PURBA,80417222.13,Allocated_Limit
,KERALA,MP 476 KERALA,PONNANI,138580617.4,Allocated_Limit
,PUNJAB,MP 477 PUNJAB,PATHANKOT,100089529.7,Allocated_Limit
,HARYANA,MP 478 HARYANA,ROHTAK,113462758.38,Allocated_Limit
,ODISHA,MP 479 ODISHA,NABARANGPUR,132807843.88,Allocated_Limit
,ASSAM,MP 480 ASSAM,TEZPUR,121871349.13,Allocated_Limit
,ANDHRA PRADESH,MP 481 ANDHRA P,TIRUPATI,75645723.47,Allocated_Limit
,TELANGANA,MP 482 TELANGAN,KHAMMAM,30707530.03,Allocated_Limit
,MAHARASHTRA,MP 483 MAHARASH,NAGPUR,72211056.32,Allocated_Limit
,TAMIL NADU,MP 484 TAMIL NA,SIVAGANGA,120417015.01,Allocated_Limit
,KARNATAKA,MP 485 KARNATAK,KODAGU,132413754.07,Allocated_Limit
,UTTAR PRADESH,MP 486 UTTAR PR,HARDOI,144411640.62,Allocated_Limit
,BIHAR,MP 487 BIHAR,SIWAN,80282553.92,Allocated_Limit
,RAJASTHAN,MP 488 RAJASTHA,DUNGARPUR,119701880.28,Allocated_Limit
,MADHYA PRADESH,MP 489 MADHYA P,GUNA,95535877.17,Allocated_Limit
,GUJARAT,MP 490 GUJARAT,JAMNAGAR,102390310.67,Allocated_Limit
,WEST BENGAL,MP 491 WEST BEN,KOLKATA DAKSHIN,56464643.32,Allocated_Limit
,KERALA,MP 492 KERALA,MAVELIKKARA,56330596.15,Allocated_Limit
,PUNJAB,MP 493 PUNJAB,PATIALA,82300317.13,Allocated_Limit
,HARYANA,MP 494 HARYANA,GURGAON,33482978.39,Allocated_Limit
,ODISHA,MP 495 ODISHA,JHARSUGUDA,70335545.24,Allocated_Limit
,ASSAM,MP 496 ASSAM,BARPETA,111497026.2,Allocated_Limit
,ANDHRA PRADESH,MP 497 ANDHRA P,NELLORE,78518000.3,Allocated_Limit
,TELANGANA,MP 498 TELANGAN,KARIMNAGAR,49805367.74,Allocated_Limit
,MAHARASHTRA,MP 499 MAHARASH,AURANGABAD,86086817.91,Allocated_Limit
,TAMIL NADU,MP 500 TAMIL NA,COIMBATORE,45315335.67,Allocated_Limit
,KARNATAKA,MP 501 KARNATAK,BIDAR,104670835.32,Allocated_Limit
,UTTAR PRADESH,MP 502 UTTAR PR,MEERUT,33235974.23,Allocated_Limit
,BIHAR,MP 503 BIHAR,JEHANABAD,77282430.76,Allocated_Limit
,RAJASTHAN,MP 504 RAJASTHA,UDAIPUR,97727037.96,Allocated_Limit
,MADHYA PRADESH,MP 505 MADHYA P,SATNA,33252245.56,Allocated_Limit
,GUJARAT,MP 506 GUJARAT,ANAND,107129957.76,Allocated_Limit
,WEST BENGAL,MP 507 WEST BEN,ASANSOL,46283938.47,Allocated_Limit
,KERALA,MP 508 KERALA,KASARAGOD,85403813.29,Allocated_Limit
,PUNJAB,MP 509 PUNJAB,RUPNAGAR,36034156.02,Allocated_Limit
,HARYANA,MP 510 HARYANA,SONIPAT,75492463.7,Allocated_Limit
,ODISHA,MP 511 ODISHA,BOLANGIR,55399234.11,Allocated_Limit
,ASSAM,MP 512 ASSAM,DARRANG-UDALGURI,69221496.59,Allocated_Limit
,ANDHRA PRADESH,MP 513 ANDHRA P,GUNTUR,121347564.95,Allocated_Limit
,TELANGANA,MP 514 TELANGAN,HYDERABAD,75495145.87,Allocated_Limit
,MAHARASHTRA,MP 515 MAHARASH,NANDED,120241178.83,Allocated_Limit
,TAMIL NADU,MP 516 TAMIL NA,SALEM,129830914.22,Allocated_Limit
,KARNATAKA,MP 517 KARNATAK,SHIMOGA,60272583.81,Allocated_Limit
,UTTAR PRADESH,MP 518 UTTAR PR,SITAPUR,39828747.93,Allocated_Limit
,BIHAR,MP 519 BIHAR,SASARAM,32325994.45,Allocated_Limit
,RAJASTHAN,MP 520 RAJASTHA,JALORE,94730285.75,Allocated_Limit
,MADHYA PRADESH,MP 521 MADHYA P,GUNA,149988939.42,Allocated_Limit
,GUJARAT,MP 522 GUJARAT,PORBANDAR,71995241.25,Allocated_Limit
,WEST BENGAL,MP 523 WEST BEN,JANGIPUR,108017291.19,Allocated_Limit
,KERALA,MP 524 KERALA,CHALAKUDY,123747965.95,Allocated_Limit
,PUNJAB,MP 525 PUNJAB,SANGRUR,108210558.63,Allocated_Limit
,HARYANA,MP 526 HARYANA,KARNAL,120507984.49,Allocated_Limit
,ODISHA,MP 527 ODISHA,RAYAGADA,143953407.93,Allocated_Limit
,ASSAM,MP 528 ASSAM,DHUBRI,53923281.88,Allocated_Limit
,ANDHRA PRADESH,MP 529 ANDHRA P,AMARAVATI,32445602.08,Allocated_Limit
,TELANGANA,MP 530 TELANGAN,CHEVELLA,48285881.49,Allocated_Limit
,MAHARASHTRA,MP 531 MAHARASH,BARAMATI,45146516.98,Allocated_Limit
,TAMIL NADU,MP 532 TAMIL NA,CHENNAI SOUTH,110335061.35,Allocated_Limit
,KARNATAKA,MP 533 KARNATAK,DHARWAD,97676349.83,Allocated_Limit
,UTTAR PRADESH,MP 534 UTTAR PR,BIJNOR,56155744.91,Allocated_Limit
,BIHAR,MP 535 BIHAR,GOPALGANJ,113935796.55,Allocated_Limit
,RAJASTHAN,MP 536 RAJASTHA,BARMER,122027771.8,Allocated_Limit
,MADHYA PRADESH,MP 537 MADHYA P,SATNA,50134697.2,Allocated_Limit
,GUJARAT,MP 538 GUJARAT,JAMNAGAR,102869699.27,Allocated_Limit
,WEST BENGAL,MP 539 WEST BEN,ULUBERIA,119751078.23,Allocated_Limit
,KERALA,MP 540 KERALA,WAYANAD,43743944.57,Allocated_Limit
,PUNJAB,MP 541 PUNJAB,AMRITSAR,128316140.92,Allocated_Limit
,HARYANA,MP 542 HARYANA,BHIWANI-MAHENDRAGARH,145766492.76,Allocated_Limit
,ODISHA,MP 543 ODISHA,KANDHAMAL,42971849.96,Allocated_Limit
,ANDHRA PRADESH,MP 001 ANDHRA P,AMARAVATI,33081411.06,Allocated_Limit
,TELANGANA,MP 002 TELANGAN,BHONGIR,67434869.33,Allocated_Limit
,MAHARASHTRA,MP 003 MAHARASH,AURANGABAD,111281674.42,Allocated_Limit
,TAMIL NADU,MP 004 TAMIL NA,CHENNAI SOUTH,144980740.58,Allocated_Limit
,KARNATAKA,MP 005 KARNATAK,BELGAUM,77598532.98,Allocated_Limit
,UTTAR PRADESH,MP 006 UTTAR PR,AZAMGARH,115801764.61,Allocated_Limit
,BIHAR,MP 007 BIHAR,BUXAR,39119577.34,Allocated_Limit
,RAJASTHAN,MP 008 RAJASTHA,CHITTORGARH,112873729.91,Allocated_Limit
,MADHYA PRADESH,MP 009 MADHYA P,GUNA,105269087.47,Allocated_Limit
,GUJARAT,MP 010 GUJARAT,JAMNAGAR,42228156.65,Allocated_Limit
,WEST BENGAL,MP 011 WEST BEN,COOCH BEHAR,122697706.19,Allocated_Limit
,KERALA,MP 012 KERALA,MAVELIKKARA,132035188.69,Allocated_Limit
,PUNJAB,MP 013 PUNJAB,PATIALA,102049393.78,Allocated_Limit
,HARYANA,MP 014 HARYANA,GURGAON,44526607.81,Allocated_Limit
,ODISHA,MP 015 ODISHA,KENDRAPARA,148061322.18,Allocated_Limit
,ASSAM,MP 016 ASSAM,BARPETA,123916241.56,Allocated_Limit
,ANDHRA PRADESH,MP 017 ANDHRA P,RAJAHMUNDRY,71664451.84,Allocated_Limit
,TELANGANA,MP 018 TELANGAN,ADILABAD,81405361.59,Allocated_Limit
,MAHARASHTRA,MP 019 MAHARASH,NANDED,74468505.15,Allocated_Limit
,TAMIL NADU,MP 020 TAMIL NA,RAMANATHAPURAM,90715294.76,Allocated_Limit
,KARNATAKA,MP 021 KARNATAK,MYSORE,70947740.98,Allocated_Limit
,UTTAR PRADESH,MP 022 UTTAR PR,FARRUKHABAD,131949075.24,Allocated_Limit
,BIHAR,MP 023 BIHAR,NAWADA,128679710.17,Allocated_Limit
,RAJASTHAN,MP 024 RAJASTHA,RAJSAMAND,42664664.48,Allocated_Limit
,MADHYA PRADESH,MP 025 MADHYA P,SATNA,145294508.07,Allocated_Limit
,GUJARAT,MP 026 GUJARAT,ANAND,106270212.73,Allocated_Limit
,WEST BENGAL,MP 027 WEST BEN,MALDAHA UTTAR,129444877.32,Allocated_Limit
,KERALA,MP 028 KERALA,KASARAGOD,114877037.24,Allocated_Limit
,PUNJAB,MP 029 PUNJAB,RUPNAGAR,82258457.4,Allocated_Limit
,HARYANA,MP 030 HARYANA,SONIPAT,118055436.48,Allocated_Limit
